{"v":"5.4.4","fr":29.9700012207031,"ip":0,"op":134.000005457932,"w":500,"h":500,"nm":"loading ","ddd":0,"assets":[],"layers":[{"ddd":0,"ind":1,"ty":4,"nm":"Shape Layer 5","sr":1,"ks":{"o":{"a":0,"k":100,"ix":11},"r":{"a":0,"k":0,"ix":10},"p":{"a":1,"k":[{"i":{"x":0.667,"y":1},"o":{"x":0.333,"y":0},"t":68,"s":[250,250,0],"e":[303,168,0],"to":[8.833,-13.667,0],"ti":[-13.167,0,0]},{"i":{"x":0.667,"y":1},"o":{"x":0.333,"y":0},"t":71,"s":[303,168,0],"e":[329,250,0],"to":[13.167,0,0],"ti":[-6.667,-13.667,0]},{"i":{"x":0.667,"y":1},"o":{"x":0.333,"y":0},"t":75,"s":[329,250,0],"e":[343,250,0],"to":[6.667,13.667,0],"ti":[-2.333,1.333,0]},{"i":{"x":0.667,"y":1},"o":{"x":0.333,"y":0},"t":76,"s":[343,250,0],"e":[343,242,0],"to":[2.333,-1.333,0],"ti":[0,-2.167,0]},{"i":{"x":0.667,"y":1},"o":{"x":0.333,"y":0},"t":80,"s":[343,242,0],"e":[343,263,0],"to":[0,2.167,0],"ti":[0,0.667,0]},{"i":{"x":0.667,"y":1},"o":{"x":0.333,"y":0},"t":83,"s":[343,263,0],"e":[343,238,0],"to":[0,-0.667,0],"ti":[0,0.333,0]},{"i":{"x":0.667,"y":1},"o":{"x":0.333,"y":0},"t":88,"s":[343,238,0],"e":[343,261,0],"to":[0,-0.333,0],"ti":[0,0.167,0]},{"i":{"x":0.667,"y":1},"o":{"x":0.333,"y":0},"t":95,"s":[343,261,0],"e":[343,237,0],"to":[0,-0.167,0],"ti":[0,1.833,0]},{"i":{"x":0.667,"y":1},"o":{"x":0.333,"y":0},"t":99,"s":[343,237,0],"e":[343,250,0],"to":[0,-1.833,0],"ti":[0,-2.167,0]},{"t":104.000004236007}],"ix":2},"a":{"a":0,"k":[0,0,0],"ix":1},"s":{"a":0,"k":[50,50,100],"ix":6}},"ao":0,"shapes":[{"ty":"gr","it":[{"d":1,"ty":"el","s":{"a":0,"k":[133.086,136.711],"ix":2},"p":{"a":0,"k":[0,0],"ix":3},"nm":"Ellipse Path 1","mn":"ADBE Vector Shape - Ellipse","hd":false},{"ty":"fl","c":{"a":0,"k":[0.988,0.333,0.22,1],"ix":4},"o":{"a":0,"k":100,"ix":5},"r":1,"bm":0,"nm":"Fill 1","mn":"ADBE Vector Graphic - Fill","hd":false},{"ty":"tr","p":{"a":0,"k":[-2.957,-52.668],"ix":2},"a":{"a":0,"k":[0,0],"ix":1},"s":{"a":0,"k":[100,100],"ix":3},"r":{"a":0,"k":0,"ix":6},"o":{"a":0,"k":100,"ix":7},"sk":{"a":0,"k":0,"ix":4},"sa":{"a":0,"k":0,"ix":5},"nm":"Transform"}],"nm":"Ellipse 1","np":3,"cix":2,"bm":0,"ix":1,"mn":"ADBE Vector Group","hd":false}],"ip":64.0000026067734,"op":2398.00009767254,"st":0,"bm":0},{"ddd":0,"ind":2,"ty":4,"nm":"Shape Layer 4","sr":1,"ks":{"o":{"a":0,"k":100,"ix":11},"r":{"a":0,"k":0,"ix":10},"p":{"a":1,"k":[{"i":{"x":0.667,"y":1},"o":{"x":0.333,"y":0},"t":51,"s":[250,250,0],"e":[165,154,0],"to":[-14.167,-16,0],"ti":[14.667,0,0]},{"i":{"x":0.667,"y":1},"o":{"x":0.333,"y":0},"t":54,"s":[165,154,0],"e":[162,250,0],"to":[-14.667,0,0],"ti":[0.5,-16,0]},{"i":{"x":0.667,"y":0.667},"o":{"x":0.333,"y":0.333},"t":57,"s":[162,250,0],"e":[162,250,0],"to":[0,0,0],"ti":[0,0,0]},{"i":{"x":0.667,"y":1},"o":{"x":0.333,"y":0},"t":60,"s":[162,250,0],"e":[162,231,0],"to":[0,-3.167,0],"ti":[0,-1.667,0]},{"i":{"x":0.667,"y":1},"o":{"x":0.333,"y":0},"t":65,"s":[162,231,0],"e":[162,260,0],"to":[0,1.667,0],"ti":[0,-0.667,0]},{"i":{"x":0.667,"y":1},"o":{"x":0.333,"y":0},"t":71,"s":[162,260,0],"e":[162,235,0],"to":[0,0.667,0],"ti":[0,-1.167,0]},{"i":{"x":0.667,"y":1},"o":{"x":0.333,"y":0},"t":76,"s":[162,235,0],"e":[162,267,0],"to":[0,1.167,0],"ti":[0,-2.5,0]},{"i":{"x":0.667,"y":1},"o":{"x":0.333,"y":0},"t":83,"s":[162,267,0],"e":[162,250,0],"to":[0,2.5,0],"ti":[0,-1.667,0]},{"i":{"x":0.667,"y":1},"o":{"x":0.333,"y":0},"t":88,"s":[162,250,0],"e":[162,277,0],"to":[0,1.667,0],"ti":[0,0.167,0]},{"i":{"x":0.667,"y":1},"o":{"x":0.333,"y":0},"t":93,"s":[162,277,0],"e":[162,249,0],"to":[0,-0.167,0],"ti":[0,4.5,0]},{"i":{"x":0.667,"y":1},"o":{"x":0.333,"y":0},"t":97,"s":[162,249,0],"e":[162,250,0],"to":[0,-4.5,0],"ti":[0,-0.167,0]},{"t":103.000004195276}],"ix":2},"a":{"a":0,"k":[0,0,0],"ix":1},"s":{"a":0,"k":[50,50,100],"ix":6}},"ao":0,"shapes":[{"ty":"gr","it":[{"d":1,"ty":"el","s":{"a":0,"k":[133.086,136.711],"ix":2},"p":{"a":0,"k":[0,0],"ix":3},"nm":"Ellipse Path 1","mn":"ADBE Vector Shape - Ellipse","hd":false},{"ty":"fl","c":{"a":0,"k":[0.988,0.333,0.22,1],"ix":4},"o":{"a":0,"k":100,"ix":5},"r":1,"bm":0,"nm":"Fill 1","mn":"ADBE Vector Graphic - Fill","hd":false},{"ty":"tr","p":{"a":0,"k":[-2.957,-52.668],"ix":2},"a":{"a":0,"k":[0,0],"ix":1},"s":{"a":0,"k":[100,100],"ix":3},"r":{"a":0,"k":0,"ix":6},"o":{"a":0,"k":100,"ix":7},"sk":{"a":0,"k":0,"ix":4},"sa":{"a":0,"k":0,"ix":5},"nm":"Transform"}],"nm":"Ellipse 1","np":3,"cix":2,"bm":0,"ix":1,"mn":"ADBE Vector Group","hd":false}],"ip":48.0000019550801,"op":2398.00009767254,"st":0,"bm":0},{"ddd":0,"ind":3,"ty":4,"nm":"Shape Layer 3","sr":1,"ks":{"o":{"a":0,"k":100,"ix":11},"r":{"a":0,"k":0,"ix":10},"p":{"a":1,"k":[{"i":{"x":0.667,"y":1},"o":{"x":0.333,"y":0},"t":32,"s":[250,261,0],"e":[306,157,0],"to":[9.333,-17.333,0],"ti":[-28.833,1.833,0]},{"i":{"x":0.667,"y":1},"o":{"x":0.333,"y":0},"t":38,"s":[306,157,0],"e":[423,250,0],"to":[28.833,-1.833,0],"ti":[-19.5,-15.5,0]},{"i":{"x":0.667,"y":0.667},"o":{"x":0.333,"y":0.333},"t":40,"s":[423,250,0],"e":[423,250,0],"to":[0,0,0],"ti":[0,0,0]},{"i":{"x":0.667,"y":1},"o":{"x":0.333,"y":0},"t":44,"s":[423,250,0],"e":[423,236,0],"to":[0,-2.333,0],"ti":[0,-1,0]},{"i":{"x":0.667,"y":1},"o":{"x":0.333,"y":0},"t":47,"s":[423,236,0],"e":[423,256,0],"to":[0,1,0],"ti":[0,0.167,0]},{"i":{"x":0.667,"y":1},"o":{"x":0.333,"y":0},"t":54,"s":[423,256,0],"e":[423,235,0],"to":[0,-0.167,0],"ti":[0,-1.167,0]},{"i":{"x":0.667,"y":1},"o":{"x":0.333,"y":0},"t":64,"s":[423,235,0],"e":[423,263,0],"to":[0,1.167,0],"ti":[0,2.333,0]},{"i":{"x":0.667,"y":1},"o":{"x":0.333,"y":0},"t":71,"s":[423,263,0],"e":[423,221,0],"to":[0,-2.333,0],"ti":[0,0.167,0]},{"i":{"x":0.667,"y":1},"o":{"x":0.333,"y":0},"t":81,"s":[423,221,0],"e":[423,262,0],"to":[0,-0.167,0],"ti":[0,-1.667,0]},{"i":{"x":0.667,"y":1},"o":{"x":0.333,"y":0},"t":87,"s":[423,262,0],"e":[423,231,0],"to":[0,1.667,0],"ti":[0,4.167,0]},{"i":{"x":0.667,"y":1},"o":{"x":0.333,"y":0},"t":94,"s":[423,231,0],"e":[423,237,0],"to":[0,-4.167,0],"ti":[0,-3.167,0]},{"i":{"x":0.667,"y":1},"o":{"x":0.333,"y":0},"t":100,"s":[423,237,0],"e":[423,250,0],"to":[0,3.167,0],"ti":[0,-2.167,0]},{"t":104.000004236007}],"ix":2},"a":{"a":0,"k":[0,0,0],"ix":1},"s":{"a":0,"k":[50,50,100],"ix":6}},"ao":0,"shapes":[{"ty":"gr","it":[{"d":1,"ty":"el","s":{"a":0,"k":[133.086,136.711],"ix":2},"p":{"a":0,"k":[0,0],"ix":3},"nm":"Ellipse Path 1","mn":"ADBE Vector Shape - Ellipse","hd":false},{"ty":"fl","c":{"a":0,"k":[1,0.663,0.322,1],"ix":4},"o":{"a":0,"k":100,"ix":5},"r":1,"bm":0,"nm":"Fill 1","mn":"ADBE Vector Graphic - Fill","hd":false},{"ty":"tr","p":{"a":0,"k":[-2.957,-52.668],"ix":2},"a":{"a":0,"k":[0,0],"ix":1},"s":{"a":0,"k":[100,100],"ix":3},"r":{"a":0,"k":0,"ix":6},"o":{"a":0,"k":100,"ix":7},"sk":{"a":0,"k":0,"ix":4},"sa":{"a":0,"k":0,"ix":5},"nm":"Transform"}],"nm":"Ellipse 1","np":3,"cix":2,"bm":0,"ix":1,"mn":"ADBE Vector Group","hd":false}],"ip":30.0000012219251,"op":2398.00009767254,"st":0,"bm":0},{"ddd":0,"ind":4,"ty":4,"nm":"Shape Layer 2","sr":1,"ks":{"o":{"a":0,"k":100,"ix":11},"r":{"a":0,"k":0,"ix":10},"p":{"a":1,"k":[{"i":{"x":0.667,"y":1},"o":{"x":0.333,"y":0},"t":15,"s":[250,250,0],"e":[189.33,146,0],"to":[-11.063,1.276,0],"ti":[26.441,-3.051,0]},{"i":{"x":0.667,"y":1},"o":{"x":0.333,"y":0},"t":17,"s":[189.33,146,0],"e":[76,250,0],"to":[-46.06,5.315,0],"ti":[19.271,-2.224,0]},{"i":{"x":0.667,"y":1},"o":{"x":0.333,"y":0},"t":21,"s":[76,250,0],"e":[76,250,0],"to":[-30.333,3.5,0],"ti":[0,0,0]},{"i":{"x":0.667,"y":1},"o":{"x":0.333,"y":0},"t":25,"s":[76,250,0],"e":[76,239,0],"to":[0,0,0],"ti":[0,0,0]},{"i":{"x":0.667,"y":1},"o":{"x":0.333,"y":0},"t":30,"s":[76,239,0],"e":[76,250,0],"to":[0,0,0],"ti":[0,0,0]},{"i":{"x":0.667,"y":1},"o":{"x":0.333,"y":0},"t":34,"s":[76,250,0],"e":[76,236,0],"to":[0,0,0],"ti":[0,0,0]},{"i":{"x":0.667,"y":1},"o":{"x":0.333,"y":0},"t":39,"s":[76,236,0],"e":[76,248,0],"to":[0,0,0],"ti":[0,0,0]},{"i":{"x":0.667,"y":1},"o":{"x":0.333,"y":0},"t":43,"s":[76,248,0],"e":[76,224,0],"to":[0,0,0],"ti":[0,0,0]},{"i":{"x":0.667,"y":1},"o":{"x":0.333,"y":0},"t":47,"s":[76,224,0],"e":[76,243,0],"to":[0,0,0],"ti":[0,0,0]},{"i":{"x":0.667,"y":1},"o":{"x":0.333,"y":0},"t":50,"s":[76,243,0],"e":[76,230,0],"to":[0,0,0],"ti":[0,0,0]},{"i":{"x":0.667,"y":1},"o":{"x":0.333,"y":0},"t":53,"s":[76,230,0],"e":[76,257,0],"to":[0,0,0],"ti":[0,0,0]},{"i":{"x":0.667,"y":1},"o":{"x":0.333,"y":0},"t":57,"s":[76,257,0],"e":[76,244,0],"to":[0,0,0],"ti":[0,0,0]},{"i":{"x":0.667,"y":1},"o":{"x":0.333,"y":0},"t":63,"s":[76,244,0],"e":[76,271,0],"to":[0,0,0],"ti":[0,0,0]},{"i":{"x":0.667,"y":1},"o":{"x":0.333,"y":0},"t":68,"s":[76,271,0],"e":[76,259,0],"to":[0,0,0],"ti":[0,0,0]},{"i":{"x":0.667,"y":1},"o":{"x":0.333,"y":0},"t":75,"s":[76,259,0],"e":[76,241,0],"to":[0,0,0],"ti":[0,0,0]},{"i":{"x":0.667,"y":1},"o":{"x":0.333,"y":0},"t":80,"s":[76,241,0],"e":[76,262,0],"to":[0,0,0],"ti":[0,0,0]},{"i":{"x":0.667,"y":1},"o":{"x":0.333,"y":0},"t":87,"s":[76,262,0],"e":[76,237,0],"to":[0,0,0],"ti":[0,0,0]},{"i":{"x":0.667,"y":1},"o":{"x":0.333,"y":0},"t":92,"s":[76,237,0],"e":[76,260,0],"to":[0,0,0],"ti":[0,0,0]},{"i":{"x":0.667,"y":1},"o":{"x":0.333,"y":0},"t":101,"s":[76,260,0],"e":[76,250,0],"to":[0,0,0],"ti":[0,0,0]},{"t":106.000004317469}],"ix":2},"a":{"a":0,"k":[0,0,0],"ix":1},"s":{"a":0,"k":[50,50,100],"ix":6}},"ao":0,"shapes":[{"ty":"gr","it":[{"d":1,"ty":"el","s":{"a":0,"k":[133.086,136.711],"ix":2},"p":{"a":0,"k":[0,0],"ix":3},"nm":"Ellipse Path 1","mn":"ADBE Vector Shape - Ellipse","hd":false},{"ty":"fl","c":{"a":0,"k":[1,0.663,0.322,1],"ix":4},"o":{"a":0,"k":100,"ix":5},"r":1,"bm":0,"nm":"Fill 1","mn":"ADBE Vector Graphic - Fill","hd":false},{"ty":"tr","p":{"a":0,"k":[-2.957,-52.668],"ix":2},"a":{"a":0,"k":[0,0],"ix":1},"s":{"a":0,"k":[100,100],"ix":3},"r":{"a":0,"k":0,"ix":6},"o":{"a":0,"k":100,"ix":7},"sk":{"a":0,"k":0,"ix":4},"sa":{"a":0,"k":0,"ix":5},"nm":"Transform"}],"nm":"Ellipse 1","np":3,"cix":2,"bm":0,"ix":1,"mn":"ADBE Vector Group","hd":false}],"ip":11.0000004480392,"op":2398.00009767254,"st":0,"bm":0},{"ddd":0,"ind":5,"ty":4,"nm":"Shape Layer 1","sr":1,"ks":{"o":{"a":0,"k":100,"ix":11},"r":{"a":0,"k":0,"ix":10},"p":{"a":1,"k":[{"i":{"x":0.667,"y":1},"o":{"x":0.333,"y":0},"t":0,"s":[250,59,0],"e":[250,250,0],"to":[0,31.833,0],"ti":[0,-27.833,0]},{"i":{"x":0.667,"y":1},"o":{"x":0.333,"y":0},"t":12,"s":[250,250,0],"e":[250,226,0],"to":[0,27.833,0],"ti":[0,-0.167,0]},{"i":{"x":0.667,"y":1},"o":{"x":0.333,"y":0},"t":16,"s":[250,226,0],"e":[250,251,0],"to":[0,0.167,0],"ti":[0,-7.667,0]},{"i":{"x":0.667,"y":1},"o":{"x":0.333,"y":0},"t":19,"s":[250,251,0],"e":[250,272,0],"to":[0,7.667,0],"ti":[0,1.333,0]},{"i":{"x":0.667,"y":1},"o":{"x":0.333,"y":0},"t":21,"s":[250,272,0],"e":[250,243,0],"to":[0,-1.333,0],"ti":[0,-1.333,0]},{"i":{"x":0.667,"y":1},"o":{"x":0.333,"y":0},"t":25,"s":[250,243,0],"e":[250,280,0],"to":[0,1.333,0],"ti":[0,-1.5,0]},{"i":{"x":0.667,"y":1},"o":{"x":0.333,"y":0},"t":28,"s":[250,280,0],"e":[250,252,0],"to":[0,1.5,0],"ti":[0,7.833,0]},{"i":{"x":0.667,"y":1},"o":{"x":0.333,"y":0},"t":31,"s":[250,252,0],"e":[250,233,0],"to":[0,-7.833,0],"ti":[0,-6.833,0]},{"i":{"x":0.667,"y":1},"o":{"x":0.333,"y":0},"t":36,"s":[250,233,0],"e":[250,293,0],"to":[0,6.833,0],"ti":[0,-3.5,0]},{"i":{"x":0.667,"y":1},"o":{"x":0.333,"y":0},"t":40,"s":[250,293,0],"e":[250,254,0],"to":[0,3.5,0],"ti":[0,13.333,0]},{"i":{"x":0.667,"y":1},"o":{"x":0.333,"y":0},"t":44,"s":[250,254,0],"e":[250,213,0],"to":[0,-13.333,0],"ti":[0,-0.5,0]},{"i":{"x":0.667,"y":1},"o":{"x":0.333,"y":0},"t":50,"s":[250,213,0],"e":[250,257,0],"to":[0,0.5,0],"ti":[0,-13.333,0]},{"i":{"x":0.667,"y":1},"o":{"x":0.333,"y":0},"t":54,"s":[250,257,0],"e":[250,293,0],"to":[0,13.333,0],"ti":[0,2.333,0]},{"i":{"x":0.667,"y":1},"o":{"x":0.333,"y":0},"t":59,"s":[250,293,0],"e":[250,243,0],"to":[0,-2.333,0],"ti":[0,0.333,0]},{"i":{"x":0.667,"y":1},"o":{"x":0.333,"y":0},"t":64,"s":[250,243,0],"e":[250,291,0],"to":[0,-0.333,0],"ti":[0,5,0]},{"i":{"x":0.667,"y":1},"o":{"x":0.333,"y":0},"t":70,"s":[250,291,0],"e":[250,213,0],"to":[0,-5,0],"ti":[0,5.667,0]},{"i":{"x":0.667,"y":1},"o":{"x":0.333,"y":0},"t":76,"s":[250,213,0],"e":[250,257,0],"to":[0,-5.667,0],"ti":[0,-13.333,0]},{"i":{"x":0.667,"y":1},"o":{"x":0.333,"y":0},"t":80,"s":[250,257,0],"e":[250,293,0],"to":[0,13.333,0],"ti":[0,2.333,0]},{"i":{"x":0.667,"y":1},"o":{"x":0.333,"y":0},"t":85,"s":[250,293,0],"e":[250,243,0],"to":[0,-2.333,0],"ti":[0,0.333,0]},{"i":{"x":0.667,"y":1},"o":{"x":0.333,"y":0},"t":90,"s":[250,243,0],"e":[250,291,0],"to":[0,-0.333,0],"ti":[0,-1.167,0]},{"i":{"x":0.667,"y":1},"o":{"x":0.333,"y":0},"t":96,"s":[250,291,0],"e":[250,250,0],"to":[0,1.167,0],"ti":[0,10.333,0]},{"i":{"x":0.667,"y":1},"o":{"x":0.333,"y":0},"t":103,"s":[250,250,0],"e":[250,229,0],"to":[0,-10.333,0],"ti":[0,3.5,0]},{"t":107.000004358199}],"ix":2},"a":{"a":0,"k":[0,0,0],"ix":1},"s":{"a":1,"k":[{"i":{"x":[0.667,0.667,0.667],"y":[1,1,1]},"o":{"x":[0.333,0.333,0.333],"y":[0,0,0]},"t":12,"s":[100,100,100],"e":[90,90,100]},{"i":{"x":[0.667,0.667,0.667],"y":[1,1,1]},"o":{"x":[0.333,0.333,0.333],"y":[0,0,0]},"t":21,"s":[90,90,100],"e":[80,80,100]},{"i":{"x":[0.667,0.667,0.667],"y":[1,1,1]},"o":{"x":[0.333,0.333,0.333],"y":[0,0,0]},"t":40,"s":[80,80,100],"e":[70,70,100]},{"i":{"x":[0.667,0.667,0.667],"y":[1,1,1]},"o":{"x":[0.333,0.333,0.333],"y":[0,0,0]},"t":56,"s":[70,70,100],"e":[65,65,100]},{"i":{"x":[0.667,0.667,0.667],"y":[1,1,1]},"o":{"x":[0.333,0.333,0.333],"y":[0,0,0]},"t":75,"s":[65,65,100],"e":[50,50,100]},{"t":93.0000037879676}],"ix":6}},"ao":0,"shapes":[{"ty":"gr","it":[{"d":1,"ty":"el","s":{"a":0,"k":[142.633,142.633],"ix":2},"p":{"a":0,"k":[0,0],"ix":3},"nm":"Ellipse Path 1","mn":"ADBE Vector Shape - Ellipse","hd":false},{"ty":"fl","c":{"a":0,"k":[0.922,0.278,0.278,1],"ix":4},"o":{"a":0,"k":100,"ix":5},"r":1,"bm":0,"nm":"Fill 1","mn":"ADBE Vector Graphic - Fill","hd":false},{"ty":"tr","p":{"a":0,"k":[-5.668,-9.832],"ix":2},"a":{"a":0,"k":[-2.148,-3.977],"ix":1},"s":{"a":0,"k":[100,100],"ix":3},"r":{"a":0,"k":0,"ix":6},"o":{"a":0,"k":100,"ix":7},"sk":{"a":0,"k":0,"ix":4},"sa":{"a":0,"k":0,"ix":5},"nm":"Transform"}],"nm":"Ellipse 1","np":3,"cix":2,"bm":0,"ix":1,"mn":"ADBE Vector Group","hd":false}],"ip":0,"op":2398.00009767254,"st":0,"bm":0}],"markers":[]}